{
  "project_info": {
    "project_number": "1019717373690",
    "firebase_url": "https://t12app-default-rtdb.firebaseio.com",
    "project_id": "t12app",
    "storage_bucket": "t12app.appspot.com"
  },
  "client": [
    {
      "client_info": {
        "mobilesdk_app_id": "1:1019717373690:android:bb6eb6010ef8a75c94c343",
        "android_client_info": {
          "package_name": "com.example.dutclinicapp"
        }
      },
      "oauth_client": [
        {
          "client_id": "1019717373690-fdm4li8evtq5i31ahv65oblcegaricj1.apps.googleusercontent.com",
          "client_type": 3
        }
      ],
      "api_key": [
        {
          "current_key": "AIzaSyA6-s2KM70drGIeTLmN0RRNxpvfFhGdLMA"
        }
      ],
      "services": {
        "appinvite_service": {
          "other_platform_oauth_client": [
            {
              "client_id": "1019717373690-fdm4li8evtq5i31ahv65oblcegaricj1.apps.googleusercontent.com",
              "client_type": 3
            }
          ]
        }
      }
    }
  ],
  "configuration_version": "1"
}